"","baseMean","log2FoldChange","lfcSE","stat","pvalue","padj","domain","phylum","class","order","family","genus","species"
"sq5",87.8811133941005,9.02793501100646,1.7165008210114,5.25949938415234,1.44448113065259e-07,1.55281721545153e-06,"Bacteria","Cyanobacteria","Oxyphotobacteria","Chloroplast",NA,NA,NA
"sq24",12.215069641243,22.912296110256,2.93972378548918,7.7940302498329,6.49049982395905e-15,1.3954574621512e-13,"Bacteria",NA,NA,NA,NA,NA,NA
"sq26",104.876811373064,-5.42184643412994,1.31662287703897,-4.11799500728974,3.82182974046812e-05,0.000328677357680258,"Bacteria","Proteobacteria","Gammaproteobacteria",NA,NA,NA,NA
"sq30",23.8238834254858,-6.30645059276361,1.73898911048055,-3.62650378588105,0.000287284609321908,0.00205887303347367,"Bacteria","Proteobacteria","Alphaproteobacteria","Rhizobiales","Xanthobacteraceae","Rhodopseudomonas",NA
"sq38",6.66959769500075,-22.3651300964229,2.94502165557998,-7.59421583676552,3.09661883940947e-14,4.43848700315358e-13,"Bacteria","Firmicutes","Bacilli","Bacillales","Bacillaceae",NA,NA
"sq49",27.3762219419326,24.0392273575635,2.9103145421024,8.26001004695448,1.45660206760537e-16,6.26338889070311e-15,"Bacteria","Firmicutes","Clostridia","Clostridiales","Family XI_2","Finegoldia",NA
